-1.138032171736546583e-01,3.491949905668246146e+00
-2.014877814017930202e+00,1.808612473154487255e+00
-2.660801862513171301e+00,7.790708229758900316e-01
-5.817583874044900405e+00,-2.459084804129447299e+00
-4.173571331096623815e+00,1.158288038705221901e+00
-2.482249233331910165e+00,1.756879374758268497e+00
-1.813519671066385452e+00,2.927877311801347027e+00
-4.303931059235220680e+00,-8.660027813643571548e-01
-4.727751867138144881e+00,-5.521447368018925772e-01
-3.811992138689023868e+00,5.384324135884801521e-01
-2.010450808029375480e+00,2.182362653848172407e+00
-1.529163373766924128e+00,2.346761333971342900e+00
-6.987773647561376755e+00,-2.908315038506975370e+00
-7.016826518120963918e+00,-2.857232552092180633e+00
-7.569298031267315707e+00,-3.217745665668227950e+00
-2.344827838751507354e+00,1.548553566794578451e+00
-5.776852187539369687e+00,-1.262621947075665219e+00
-5.645655983221172569e+00,-1.314221063911833021e+00
-6.963920272818929780e-01,3.065635373476482073e+00
-4.851483737607592772e+00,-5.597946271455418454e-01
-5.047808107325110427e+00,-1.850181681681947410e+00
-2.964085076040177569e+00,1.015746339310639179e+00
-7.541090485342533789e+00,-3.371019985886599457e+00
-5.066074272117695010e+00,-6.444842689682097614e-01
-1.406352574707075309e+00,2.854081739683896224e+00
-8.386262043352221696e-01,3.116480599875554702e+00
-1.805223978251957018e+00,2.717520864193717856e+00
-4.934437014332107019e+00,-9.382297027338486473e-01
-6.944768505480960030e+00,-3.293277793335213310e+00
-2.405435735513733242e+00,1.605839535926658179e+00
-6.974600116618977275e+00,-2.516666727018415095e+00
-7.509398354699531097e+00,-3.871268305013476407e+00
-4.070692042062852956e+00,8.953803445020351859e-01
-1.637560677627182049e+00,3.066194870204638434e+00
-7.672657852327502415e-01,1.601175087918530693e+00
-4.990861751660064627e+00,-1.787095199396384615e+00
-4.453359353126260523e+00,2.431133827211278131e-01
-2.597782609400018483e+00,1.601328458138644883e+00
-6.742754649538768241e+00,-2.626513300714871768e+00
1.376872826562377528e-01,3.964354111758424004e+00
-2.985410105225056565e+00,1.250248748766198403e+00
-1.359433007094224211e+00,2.495513415086481501e+00
-7.601243868578078988e+00,-3.851935045503352306e+00
-4.781746691730632826e+00,-1.288372746462987273e+00
-8.165695843763977280e+00,-3.883780308222317679e+00
-3.564999736459754764e+00,-7.105822216806032543e-01
-4.895437139344591237e+00,-7.208736813812084421e-01
-2.892667234690158740e+00,9.302961500612667578e-01
-1.835189263080624578e+00,1.866282046885433310e+00
-6.308797016615798725e+00,-2.463262326892064813e+00
-3.501237954205234093e+00,3.525226519555024751e-01
-6.326691128343267856e+00,-2.144620621204038180e+00
8.559042327116517246e-02,3.459580306406967232e+00
-7.725925433122498021e+00,-3.336244138358093636e+00
1.700965427189699009e-01,3.527192669824301241e+00
-3.044363943368165071e+00,7.852822672221337896e-01
-5.841894192507750105e+00,-1.796861019632331136e+00
-3.235336750314613763e+00,9.226814828290672565e-01
-5.755985477440108689e+00,-1.658837016013674059e+00
-5.213549600021871733e+00,-1.200282584924200258e+00
-2.605250674848718084e+00,3.271378338442856304e-01
-7.282106930832301650e+00,-3.653508185363182115e+00
-3.412072142603097102e+00,1.271858968902160214e+00
-6.638660556958393855e+00,-2.269737953715530665e+00
-7.014974589123969650e+00,-3.752576617747823917e+00
-5.780149015562916937e+00,-1.870924726278321515e+00
-6.794821315483568824e+00,-1.945863633918540891e+00
-4.060964437801330540e+00,4.081375554951822693e-01
-2.220237072008407253e+00,1.388035733881498146e+00
-1.976498053273057387e+00,2.079747155824666294e+00
-8.145249670863959679e+00,-3.982558024742496094e+00
-3.936070123290951628e+00,-9.532294392819480322e-01
-2.027003693544080054e+00,2.349797411414749071e+00
-1.533179120608120005e+00,3.096793740221210456e+00
-6.147981586464835502e+00,-3.000119878738414236e+00
-7.590334394780853700e+00,-3.080679001443046516e+00
-7.041033643829710975e+00,-2.595552843499986828e+00
-1.171763086449625568e+00,2.774692302832111324e+00
-7.272996888346741962e+00,-3.611905419888629787e+00
7.351869142256270973e-01,3.842931583781854954e+00
-6.444889499932606292e+00,-1.939067793242559290e+00
-4.844910628434336175e+00,-1.008147029213161794e+00
-6.029708146738076202e+00,-2.181530584708506915e+00
-8.255138211246693558e+00,-3.757166726367422882e+00
-3.785944127970365614e+00,-2.679333874929108461e-01
-5.315561535179532449e+00,-4.708556434602026997e-01
-6.771014374815482739e+00,-2.968724293422024374e+00
-6.922002242334094113e+00,-2.822336988268883573e+00
-2.659858885519946980e+00,1.574536165453254810e+00
-2.847409979617126385e+00,1.726352636764661774e+00
-1.575675090978077675e+00,1.521969136500252340e+00
-9.897610632430776656e-01,2.839043568565554843e+00
-8.241830782752508355e+00,-3.584103366934014545e+00
-4.762593908075917426e+00,-2.534006298800655088e-01
-3.648959214194236633e+00,4.762544343266483793e-02
-2.815892627463477016e+00,1.230355600993612519e+00
-5.712375620898002992e+00,-2.249310885444618435e+00
-3.580511769237044728e+00,6.344310445944092436e-01
-6.092670018707899260e+00,-2.090859939449500438e+00
-6.869363504748091209e+00,-2.827358531666535946e+00
-6.875849863183213451e+00,-3.291751985761014687e+00
-6.789191600350878986e+00,-2.762489740565734486e+00
-2.716841051591094569e+00,7.947208551352673567e-01
-5.723906005355269500e+00,-2.774891591796475154e+00
-2.565936281422741772e+00,9.430801649620246252e-01
-5.857075792149528226e+00,-1.392152651843053590e+00
-1.297569363632893547e+00,1.820378193931213140e+00
-7.317539715623038177e+00,-3.173217134900497172e+00
-8.047826370217912029e+00,-3.727761761792464767e+00
-7.711279763799794296e+00,-3.567422865876610949e+00
5.514642577902152398e-01,3.842669164193229570e+00
2.888903907716252051e-01,3.851661230745867748e+00
-3.221416159850518213e+00,8.772797727127068512e-01
-1.922792648512631875e+00,2.150982623785178127e+00
-1.699700130112770546e+00,2.255908263500075783e+00
-2.925787498957574506e+00,9.508842193837656609e-01
-6.144319791528240593e+00,-1.531156373532878590e+00
-3.437554542628812548e+00,3.833785668707090366e-01
-7.861026454368360561e+00,-3.280744197731515044e+00
-1.211098900110180399e+00,2.694562454698471221e+00
-3.551800403212428403e+00,3.411942863351917765e-01
-3.105367891340358177e+00,1.039368480486219326e+00
-1.858165918219119916e+00,1.572033833436904615e+00
-2.846806113535313543e+00,4.078514391074525847e-01
-6.689762992249016271e+00,-2.533488849721671876e+00
-1.989729741995764911e-01,3.565834297553529986e+00
-8.508144050996772068e-01,3.651188060016672843e+00
-5.173824213622110868e+00,-8.640122179849907269e-01
-1.323742655789412526e+00,2.404131293080659759e+00
-2.294813294011766924e+00,1.664949614711981773e+00
-1.866548449416482125e+00,3.738771370377653724e-01
-4.143380971219295716e+00,3.312380475044234274e-01
-5.624888312776686661e+00,-8.702079706455672081e-01
-4.356119500872877026e+00,-6.481828760843963977e-01
-5.720329936072418242e+00,-2.440746689574967654e+00
-2.179200871795736294e+00,1.540557433524088360e+00
-6.537056334071812636e+00,-2.048612782971127366e+00
-2.323301062414063534e+00,2.103488275988355305e+00
-5.227747281202898222e+00,-1.579806951284065342e+00
-4.071169980432864932e+00,3.792914838915093512e-01
-6.965607255163721589e+00,-3.106431129314083606e+00
-4.938147600604600562e+00,-1.197723535426840513e+00
-7.850304399007579370e-01,2.740377950930080075e+00
-5.945556337606166863e+00,-2.133375126644820874e+00
7.108397356624018837e-01,3.728937157465202823e+00
3.632016009514169030e-02,3.839895021529605934e+00
-1.213236020603565057e+00,2.931855701813860904e+00
-3.856626164740240892e+00,-3.884264961303784958e-02
-2.842347524016953564e+00,1.774771489831179494e+00
-6.985206939507615509e+00,-3.151030760291109623e+00
-2.853733212658072116e+00,1.303167971609656917e+00
-7.678217428770253150e+00,-3.923753859814027578e+00
-5.072300622650184998e+00,-1.427336011469154009e+00
-3.713024854134531871e+00,-3.556955287339080840e-01
-5.960246162751251298e+00,-1.554574568165756787e+00
-5.530398766990545223e-01,3.889304423597581106e+00
-5.800969392237498745e+00,-1.601281904959931168e+00
-8.402513929945090609e+00,-3.612393884396479571e+00
-2.768705058313053469e-01,3.788665431949849172e+00
-6.844617947161911076e+00,-2.855063941238119796e+00
-4.354008065621051138e+00,-5.157186284142376564e-01
-1.935891084476717983e-01,3.816446091685359754e+00
-3.032922079562610840e+00,3.427882760511762328e-01
-7.250809434978234158e+00,-3.083076498774529384e+00
-3.478116099033270014e+00,1.115846694538797479e+00
-2.432905041795019763e+00,1.008230611751223194e+00
-5.193647661976681817e+00,-1.700824065855905509e+00
-5.259300323524195520e+00,-1.603496323483022401e+00
-7.444123864751225561e+00,-3.362274111736271998e+00
-6.459818921180813689e+00,-3.447403947574057881e+00
-8.333933876200065427e+00,-3.337140244076667095e+00
-6.308887521121261166e+00,-2.428718140373403500e+00
-3.643051936531131463e-01,3.230599177865232541e+00
-2.725117435029821955e+00,1.786307583168951219e+00
-3.823896413788319570e+00,-1.650429502348744748e-01
-2.563851760607537500e+00,1.495115902447028411e+00
-2.698605604704299221e+00,1.229283338319990371e+00
-1.974087754277718210e+00,2.017951939500311376e+00
-5.862561827595160757e-01,2.935413369504565217e+00
5.954868950272418360e-01,3.932845819450265346e+00
-7.621941278031577616e-01,3.201631080958430076e+00
-6.912751037933059450e+00,-2.182014242602431153e+00
-8.278008701868971642e+00,-3.485491954976168039e+00
-2.035900731709645584e+00,2.272092138170688891e+00
-4.901795017302783997e+00,-1.054813071947811487e+00
-6.582832752997782144e+00,-2.766544381893954352e+00
-3.613671578200907675e+00,7.093991554946112998e-01
-3.433675958695464381e+00,1.123622282941412642e+00
-6.679843121941146045e+00,-1.517824215002851140e+00
-8.048558309411273370e+00,-3.376283629328754365e+00
-6.908650288534963657e+00,-2.403207844818866512e+00
-7.485294595070890011e+00,-3.176496891717614623e+00
-1.881940708328718070e+00,2.227036871377706007e+00
-1.513709863630046559e+00,2.139104424177814323e+00
-5.919127493225667003e+00,-2.329086454033669540e+00
-3.766885585201033226e+00,5.766949657369835336e-01
-7.513161917209744800e+00,-3.268081787938116989e+00
-4.584108457258353475e+00,-5.472103526153668795e-01
6.831333736643290244e-01,3.630758186454972503e+00
-2.545121739492389956e+00,9.879009588915153017e-01
-1.531020306697616462e+00,2.665962418838869752e+00
-7.770664759777718977e+00,-3.609917511431817161e+00
-4.736413997762866757e+00,-2.328526598013080928e-01
-7.367227909112684436e+00,-3.334469546335267154e+00
-2.366218012494746947e+00,8.096713997470557089e-01
-5.816750698917564577e+00,-1.687928707703058251e+00
-4.292253129490326558e+00,-4.539856545469334037e-02
-1.315450488781888527e-02,3.671506331769535336e+00
-4.425578902603158227e+00,1.154364084986774230e-01
-6.893634271769324862e+00,-2.776669165513259152e+00
-6.964709506855009558e+00,-2.315831827782844243e+00
-6.138663653453812152e+00,-2.004122399675753563e+00
-2.027956494806614440e+00,1.521298794980582514e+00
-5.259701286506959228e+00,-1.786122239070245143e+00
-5.662343822708868046e+00,-1.084833653325761205e+00
-5.052676975513880286e+00,-6.764503185576566935e-01
-2.264518046226406955e+00,1.712425378896017314e+00
-7.045348355507156768e+00,-3.960446446907964990e+00
-5.803422062317865837e+00,-2.483729634746971726e+00
-5.980399829739962314e+00,-1.731824892822836581e+00
-5.554774810154844644e+00,-1.073738759151690481e+00
-7.008605087358583674e+00,-2.704730771107316301e+00
-2.870416924567515515e+00,5.833409990677296264e-01
-3.874407274084558761e+00,3.564156022040094740e-01
-4.606367141292274425e+00,-6.545011979761907739e-01
-3.751508908517003693e+00,5.568900408644186228e-01
-6.677609493167541821e+00,-3.330573359270108114e+00
-2.455980926509734097e+00,1.918538953082377319e+00
-6.045795794385370847e+00,-2.244400447133488186e+00
-6.036616436495343407e+00,-2.216635468448951762e+00
-6.626203710180748274e+00,-1.839841850634001297e+00
-3.496085034726643226e+00,1.821745074271514220e+00
-4.527484185005435258e+00,-6.547476614732667954e-01
-1.303963138356460272e+00,2.391986489330403032e+00
-2.087275001990122281e+00,1.760666864316319469e+00
-4.763804196559097370e+00,-1.650594661515730976e+00
-4.657016235164247453e-01,3.681438406366232208e+00
-1.110828836428048305e+00,2.340143301410587462e+00
-7.617532200807091591e+00,-3.666563993479520889e+00
-1.814522815424820745e+00,1.917571406052665850e+00
-6.121537343113082841e+00,-1.507649994974314289e+00
-4.418853036496883213e+00,-9.352319467473853010e-01
-3.545574691438158954e+00,8.463941889305273136e-01
-2.318008032540911589e+00,2.582362985177814707e+00
-3.482066479229126266e+00,-5.784513261444246268e-04
-2.441102528065105748e+00,1.852412830660441934e+00
-6.273198158302109917e+00,-3.105675534848884922e+00
-4.691000227974850390e+00,-4.233082652082709174e-01
-1.325244146765129472e+00,1.917849003158499599e+00
-4.700414845815935827e+00,-4.242891453149537639e-01
-3.241592308401086253e+00,8.813916623183226662e-01
-5.058171237532066433e-01,3.261435694675244079e+00
2.350061843098945058e-01,3.204251584838175404e+00
-1.393468051525610374e+00,3.023238939187281815e+00
-6.641846174184584228e+00,-2.206205054928168430e+00
-7.959333451965520112e+00,-3.745756933751479778e+00
-7.088587126494569901e+00,-2.723879959193752143e+00
-2.983500285143362074e+00,1.445499351459546666e+00
-2.222285785566525951e-01,3.644644788794278334e+00
-7.905042906861423635e-01,3.388044511263057501e+00
-9.962227849385629774e-01,2.867040409984562110e+00
-3.791642225578616632e+00,3.268237518558869681e-03
-6.199028600967706026e+00,-2.580521415187009282e+00
-7.519640013592424843e+00,-3.327840747902357954e+00
-1.807400965493379363e+00,1.846189353447584836e+00
-4.700795777626859184e+00,-1.154572838693026071e+00
-2.875897791660576797e+00,1.181366922449003098e+00
-6.451962997786788723e-01,2.953703034752174439e+00
-1.906775785534674972e+00,2.339707625385283762e+00
-7.166806545993563482e+00,-3.282938640817948617e+00
-7.700376328509520363e+00,-3.977534310699682329e+00
-2.030471608154842400e+00,1.345712647997838296e+00
-4.689766715117411167e+00,-7.956631832650939984e-01
-2.908985433806777543e+00,1.053499563719650922e+00
-5.361535000576517440e+00,-2.174885457148176826e+00
-6.793724543858175036e-01,3.345659304545712587e+00
-7.558519713698777842e+00,-3.436978183493604178e+00
-3.342932792977873824e+00,1.028539207648273113e+00
-3.662650214836105089e+00,2.634200162472097873e-01
-3.137115890338007418e+00,1.604342741114259674e+00
-8.870102426762447312e-01,3.375773959097016608e+00
-1.651550298585692245e+00,2.633144395163001583e+00
-3.442496946871213659e+00,4.379664889907735059e-01
-6.026644568829435222e+00,-2.242217364963043913e+00
-5.605413226518355607e+00,-2.075110196064807511e+00
-1.187271796014317093e+00,2.741680459172473050e+00
-7.618186034781052385e+00,-3.789804776830266064e+00
-5.931289153045020690e+00,-3.081651774179085201e+00
-7.401203037795669459e-01,3.406637167128892862e+00
-1.998818077120945391e+00,2.156521090700271870e+00
-2.199503739561354365e+00,1.909501758167880148e+00
-2.312256892941788600e+00,2.693094931014863747e+00
-5.664871359071510959e+00,-1.750905654688689417e+00
-5.040461593221941428e+00,-1.011705193997141983e+00
-3.328769663262334699e+00,2.462070870105632636e-01
-5.294899582421270345e+00,-1.435762178010361545e+00
-4.993750726333415102e+00,-5.180639941180880115e-01
-2.725443676754285782e+00,1.857878800111398832e+00
-4.983737959087069846e+00,-1.083536487497135603e+00
-5.015279941869591696e+00,-1.334914072500757776e+00
-7.214534270321521170e+00,-2.806650859875989390e+00
-2.265570366020571491e+00,8.870462006632768848e-01
-5.507372904515487555e+00,-2.130927209857163440e+00
-3.768711713010135078e+00,3.848282590212308563e-01
-3.550304892087768671e+00,-6.305157097291580470e-02
-5.534122019890212130e+00,-2.108843535915353229e+00
-4.798757866078588563e+00,-3.887881527285816929e-01
-5.460985529406490180e+00,-1.109796558910396413e+00
-1.902145273759904720e+00,1.708913814026021605e+00
-1.007060679676355708e+00,3.278641938068413531e+00
-1.757525438629430781e+00,2.820451442461987313e+00
-1.428366451381748226e+00,2.688167048842756479e+00
-3.320052158883320725e+00,4.135879160933582099e-01
-5.395423357724642432e-01,3.741286354839949979e+00
-5.596693671296700145e+00,-1.593951737445030048e+00
-7.327041665083627642e+00,-2.874189912761381471e+00
-4.425504677214846083e+00,2.040943247393123272e-02
-6.328715446983578907e+00,-2.198577530797063417e+00
-5.429469252446199157e+00,-2.060233449482371526e+00
-3.621940754679330521e+00,1.811298626343100793e-01
-4.209028183361198217e+00,2.016857712265087699e-01
-3.072713040879895274e+00,1.334943804225179775e+00
-6.435215132772238888e+00,-2.752497374036197542e+00
2.962816667467842446e-01,3.998254817615545242e+00
-6.254636431515546491e+00,-2.215871472851329571e+00
-7.035643755999332338e-01,3.451216534935685587e+00
-7.192485834788788779e+00,-3.635733452806650945e+00
-3.471539226859387206e+00,1.002625477259697639e+00
-1.094281034713676881e+00,3.107968655162080651e+00
-4.777368543309958859e-01,3.401074617524146859e+00
-4.048745788432736581e-01,3.677239553546291617e+00
-4.183658085818862560e+00,-1.626335699437664317e-01
1.210764039728358110e-01,3.599945171312657344e+00
-4.522230412892296769e+00,-2.063146806870679306e+00
-5.651907091375337755e-01,3.367309057407577022e+00
-7.742671432394836017e+00,-3.308807065103482437e+00
-2.509308982350960449e+00,9.795574941520124312e-01
-7.159291148753243128e+00,-3.189010770485851687e+00
-1.333306361958252584e+00,2.228030207978417110e+00
-2.922035283454058163e+00,1.376213553882164931e+00
-1.621099485159548381e-01,3.553391610283379798e+00
-7.142689658344684389e+00,-2.721865383458188070e+00
-7.476997939647910485e+00,-3.520021027221272192e+00
-2.005528411551786849e+00,1.754485746413461555e+00
-1.263952641142438438e+00,3.196840693373530939e+00
-5.540270005412738286e+00,-1.017310409641597246e+00
-7.949640165540952985e+00,-3.801054239763143272e+00
-1.188175519162782079e+00,2.870606537444106543e+00
-5.725140269811632265e+00,-9.290533123293078788e-01
-1.702301883982888508e+00,3.125650710513981245e+00
-1.680989976589765345e+00,1.427469961876112414e+00
-4.848362954560670346e+00,-1.257491581722957719e+00
1.721791362823268390e-01,2.628246832865055005e+00
-3.783195166376043694e+00,-4.198624552752567851e-01
-6.039301957456872039e+00,-2.100965318150146643e+00
-2.381452085801057716e+00,1.476904812423118329e+00
-2.647249643610705583e+00,1.619425088606174512e+00
-3.483673601904238915e+00,4.559896789116413274e-01
-4.955584261344720076e+00,-1.210173358423106471e+00
-6.358892676528152599e+00,-2.287584332088322014e+00
-7.400489321267051501e+00,-3.137516993853609826e+00
-7.509427229822716932e+00,-3.616408847089271461e+00
-7.805164850449717306e+00,-3.603471270277063709e+00
-9.348251071448772098e-01,3.299684223727206600e+00
-8.669439683694339926e-01,3.121727111724138304e+00
-5.484176267773431590e+00,-1.660504313333944104e+00
-4.716200804983782469e+00,-3.044231028842743214e-01
-3.564752030491661117e+00,5.273163472528494822e-01
-3.817685534443417517e+00,4.291559339239965354e-01
-1.053086110237658080e+00,3.140121978904289790e+00
-3.790820744583476731e+00,4.736464768501251754e-01
-1.236206393343842969e+00,2.561312265083302897e+00
-1.938690388282625410e+00,2.399932776954406322e+00
-3.403559811377270705e+00,-2.168571631019666768e-01
-5.020277363872015286e+00,-1.285345506454663500e+00
-5.795923881443144410e+00,-2.334560771567705473e+00
-2.825494902279566123e+00,1.191511958612291977e+00
-4.005330013065376171e+00,1.163280726283710820e-01
-6.743636443570814265e+00,-2.550029342503469465e+00
-1.329333791592141711e+00,3.001040419787614155e+00
-1.509328127878380776e+00,2.110391389591995015e+00
-7.836872829627417048e+00,-2.713225624143514203e+00
-7.774446718305900283e+00,-3.854093739966198306e+00
-4.853439849173510900e+00,-1.768621264792267667e+00
-8.999918505065673813e-01,3.954660314433483315e+00
-5.897842729078980994e+00,-2.052499254192442280e+00
-1.449872577629243375e+00,2.298207979580117133e+00
-1.362470736081850653e+00,2.535482150108511412e+00
1.106992468998542201e-01,3.845786853114879555e+00
-5.214010494441818189e+00,-1.444289588375828437e+00
-6.624719977090965273e+00,-1.342697959550720910e+00
-3.342212917681380180e+00,3.729446523643371592e-01
-1.772237947035317784e+00,2.054623066848078494e+00
-8.460469356960738097e+00,-3.714051177848755714e+00
-5.977863345365789449e+00,-1.348640167138261958e+00
-4.078951715631014885e+00,1.693107645834759367e-01
-5.977112785204989898e+00,-2.408126531468368192e+00
-3.119136070488982337e+00,7.978514080542709053e-01
-7.238387208262788697e+00,-3.712411878758867800e+00
-1.845898757092289344e+00,1.903349870401944699e+00
-5.066036456930367748e+00,-1.580952263967514426e+00
-2.830506570084389217e+00,6.719130697919091233e-01
-6.569778947787058954e+00,-2.613801912430045782e+00
-7.714480509074101100e+00,-2.853865105444362449e+00
-6.454941387268209319e+00,-2.283114612926076425e+00
-2.935412102661527634e+00,1.753007445548258048e-01
-6.417072414862108332e+00,-2.683865324880681413e+00
-2.806486015789195321e+00,4.438895556598225767e-01
-2.225514275926991914e+00,1.245786474990532078e+00
-1.664096606386030963e+00,1.587664228086736351e+00
-2.825588815747603899e+00,1.403708325630142362e+00
-6.521381838307113155e-01,3.536794585173628214e+00
-4.914686756327161454e+00,9.206849837277264470e-02
-3.392616003375924727e+00,1.047675185149203436e+00
-1.007405254196231947e+00,2.978964500746578814e+00
-6.752530922611362563e+00,-2.537491660898930412e+00
-1.740522801392855756e+00,9.060026990184111284e-01
-3.690648597248583851e+00,6.181626062920102527e-01
-2.864991899910131590e+00,1.132952086110494250e+00
-5.015291938797277638e+00,-8.855900375209566633e-01
-4.453574285870060656e+00,6.271291814946078347e-02
-3.055970206988202209e-01,3.428280450515302391e+00
-5.150589438016909938e+00,-1.122785023869623089e+00
-3.319232020989505649e+00,2.847894173931626582e-01
-6.878667108918819828e+00,-2.587044695869852973e+00
-3.590025475156395363e+00,7.725199814519836394e-01
-5.645179277178142385e+00,-1.825331759941727583e+00
-8.061711830238310839e+00,-3.586807731155497336e+00
-4.251063893355615519e+00,-5.369660082340983465e-01
-4.492529381273455691e+00,-8.606518313938771314e-01
-4.003303615842129126e+00,1.146579972401618797e+00
-8.921013502798806893e-01,2.312332957254627175e+00
-7.652007043697199862e+00,-3.859891813854026132e+00
-5.248300694185746629e+00,-1.448392252840142724e+00
-8.639051856269432506e+00,-3.996052517691904171e+00
-2.906969813055644281e-01,3.559635580957697165e+00
-3.263698388876560830e-01,3.604405457148293301e+00
-7.206097666578918925e+00,-3.232637452015560520e+00
-6.588830099066029788e+00,-2.202034008730731962e+00
-1.261956860326509222e+00,3.601723251053924990e+00
-5.073843667218631559e+00,-1.403495382021535676e+00
-2.091895265262169623e+00,2.996828277669423279e+00
-6.132610691648431533e+00,-1.754337958822872245e+00
-2.269328119031111424e+00,2.361495448415316112e+00
-2.317776118275301833e+00,2.257742659755425763e+00
-4.454054148114074074e+00,-1.034575584027322748e+00
-4.929930919978060544e+00,-1.535906113496661618e+00
-5.621607892618635027e+00,-1.470719111373099075e+00
-1.993875249106949132e+00,2.628210749783290723e+00
-3.747723671683279356e+00,6.179505053477383214e-01
3.225750785464248649e-01,3.575931637501444271e+00
-5.478996558946789275e-01,3.222405203616204084e+00
-3.000566011702211711e+00,1.373491135637460836e+00
-1.095963009191004645e+00,3.734948546882884912e+00
-5.242679249181278145e+00,-1.705944162248575147e+00
-4.986801874436945781e+00,-8.989704972361920454e-01
-5.289245379111668477e+00,-1.660210571167246130e+00
-6.506144148271118866e+00,-2.868901398140814685e+00
-2.383650364233560470e+00,1.720875966792064560e+00
-3.860264113284997745e+00,-1.135007520207587106e-02
-3.617125072720515533e+00,3.133670051431396431e-01
-5.601290735692458611e+00,-1.638230660824190998e+00
4.956528693825700271e-01,3.893622854917976994e+00
-2.979288056508604399e-01,3.202155841547337012e+00
-4.513025417895981661e+00,-7.389816512367106682e-01
-5.272158171498780632e+00,-2.168755765006128655e+00
-2.690407337952020139e+00,1.478545661229612840e+00
-1.461086845660680256e+00,1.524665924018589358e+00
-5.263095269155463107e+00,-1.138503189929690684e+00
-3.657789211647775485e+00,8.730037759817381726e-01
-4.391828877333392445e-01,3.656416517771165609e+00
-5.992579425655515379e+00,-3.020598218272469992e+00
-5.122095692426284153e+00,-1.081411840714748607e+00
-4.460237379009051040e+00,8.641305846409963465e-02
-5.035891516084528563e-01,3.918955661491989595e+00
-3.144372806753336747e+00,1.040219755925005707e+00
-3.719499571962706419e+00,6.292409222955113179e-01
-1.466582733885032797e+00,2.230970841547901706e+00
-2.377451910876154262e+00,1.421436917762227026e+00
-4.741297458442726764e+00,-3.999812986590915997e-01
-1.626716117358454117e+00,2.654993592659442569e+00
-2.711238491895664016e+00,1.606784056183148124e+00
-1.685569676741623502e+00,1.696004882783079815e+00
-1.896223061587622105e+00,1.994579244479150582e+00
-5.637199307288463856e+00,-1.606497300946157836e+00
-6.410537066336105205e+00,-2.894185066991401101e+00
-5.675180114253818076e+00,-1.432219101139149409e+00
-3.816024724451539951e-01,3.989666577563279581e+00
-1.306453403594647567e+00,2.702860839303250273e+00
-4.158510144631683003e-01,3.964944458016423035e+00
-4.423657997320798785e+00,-5.401647803494062927e-01
-7.408219440286487156e+00,-3.691668496398828658e+00
-2.933521469257256875e+00,1.030777633858674491e+00
-3.215575881918982137e+00,1.063776762606368109e+00
-1.659227862198592307e+00,2.179851952351782529e+00
-4.996541461452332911e+00,-3.687233217445715638e-01
-6.328427474563357968e+00,-2.728027767899579459e+00
-3.532087243685695377e-01,3.611530294063262758e+00
-9.903885980065268990e-01,2.197360459488927553e+00
-4.238483955525228275e+00,6.012800907225113178e-02
-4.838190726208966730e+00,-1.011708060003968512e-01
-3.458595092351892220e+00,4.558681622570288638e-01
-3.439006158666420454e+00,9.668350038929496293e-01
-5.921844855137727848e+00,-2.137194062106451575e+00
-2.473066951806676350e+00,6.474873545674855180e-01
-3.828067019487525258e+00,6.440980195521550655e-02
-5.096001482213880607e+00,-1.582639530143027606e+00
-3.297821307049050521e+00,1.158907200005155680e+00
-7.361152024814122896e+00,-3.042204070886536549e+00
-7.032764895617024337e+00,-2.838374931713669724e+00
-3.222393580239003352e+00,1.573560875922191293e+00
-3.865199079126255266e-01,3.246015347407090523e+00
-5.524730011534186858e-01,3.245713501172243554e+00
-3.699234297370122881e+00,6.077247103883731683e-01
-6.645495541154724517e-01,3.320828142719538967e+00
-1.123394170672469050e+00,3.444130651985137348e+00
-6.840768346599219285e+00,-2.338316401543337086e+00
-4.649113687365537650e+00,-2.860461202008561798e-01
-1.917210111894126046e+00,9.237517691017202992e-01
-3.396477254345324326e+00,-1.388641884800616566e-01
-1.428851390440182945e+00,3.163635399794507919e+00
-6.969409188982830905e+00,-3.329864775777684471e+00
3.531017019014502378e-01,3.941988834004972020e+00
3.461032846047222833e-01,3.629936529331866168e+00
-7.782857192569191618e+00,-3.547254550161397013e+00
-5.052691460446608218e+00,-1.833339918002681479e+00
-3.107931022475157512e+00,3.785825126214525937e-02
-1.407022938321509598e+00,3.338571126656416865e+00
-5.144633071752606313e+00,-1.113525096130164371e+00
-1.622649406797615157e+00,2.775222020021633540e+00
-1.907304100805608194e+00,1.338087986483553316e+00
-3.209666296427976295e+00,6.986533357118931420e-01
-1.905054356179805009e+00,1.774083059736136114e+00
-3.824647323871507298e-01,3.051561432107432914e+00
-7.475513090618121304e+00,-3.200360270828116249e+00
-1.626788022930061972e+00,3.249714772639634930e+00
-6.498193140427159786e-01,3.599400040336774076e+00
-4.609428658327535011e+00,-1.110862070943973379e+00
-4.840561302592248261e+00,-5.386208588432790378e-01
-6.431271818344643343e+00,-2.224307189870523338e+00
-5.900207173448464459e+00,-1.392727015780679700e+00
-7.145399453652963473e+00,-3.333037694997151412e+00
-1.354918772471877197e+00,3.564230557939791488e+00
-6.768500650016368247e+00,-2.752320480501210476e+00
-3.457833212391774325e+00,7.864768291939592260e-01
-5.854751363802128239e+00,-1.635414577543489401e+00
-3.500851871154109229e+00,1.337398730154628623e-01
-8.098684753489026278e+00,-3.779314064246404037e+00
-4.947592358842562987e+00,-1.266289399475422073e+00
-5.886805799547072837e+00,-1.166423983784455665e+00
-2.619818514524322239e+00,6.451753189877669215e-01
-3.181787647073115455e+00,-1.189133819098220357e-01
-4.642555605628456483e+00,-2.451395154157651746e-01
-4.640747709215576222e+00,-1.072293718397903106e-01
-5.907684932999852201e+00,-2.181013261709390250e+00
-6.260835417182557094e+00,-2.279409908518862160e+00
-6.558659372953488109e+00,-2.084152943999950658e+00
-5.643399454923058833e+00,-2.087589352804733345e+00
-6.624451436784475788e+00,-3.803830277306404106e+00
-6.408385665296680855e+00,-1.765720144423347904e+00
-8.039129998706165736e+00,-3.083244024850768206e+00
-6.106572242974474207e+00,-1.985042135342310665e+00
-1.562347360522095441e+00,2.732175437872257362e+00
-3.200249924969437720e-01,3.986575596067055471e+00
-5.353285235998790803e+00,-1.506612820906116035e+00
-5.501276806986502343e+00,-1.323009480523071879e+00
-6.398140347192697419e+00,-3.161309759147928666e+00
-2.981477333576441957e+00,1.593472920009431526e+00
-2.706568776361772510e+00,7.971337067950958755e-01
-5.342085718682630713e+00,-6.102264974167397327e-01
-2.107708239664608740e+00,1.441345142931114154e+00
-3.410113467232194218e-01,2.449502636896359498e+00
-1.400413947153715366e+00,3.890577161674489304e+00
-2.751443279799231867e+00,8.185004892753902084e-01
-1.880541330870396433e+00,1.752817332634337255e+00
-3.636109487455959410e+00,5.476344161204949046e-01
-2.813796013100179572e+00,1.319070023224107935e+00
-2.312935502719577041e+00,1.994302279435002490e+00
-5.281488167934043965e+00,-1.946204551492537682e+00
-1.889701739709482409e+00,2.130221736869007287e+00
-4.861251123316931988e+00,-1.302511782917002314e+00
-3.427073241956647198e+00,1.112882563774343581e+00
-4.843738194836367583e+00,-8.906563589145619630e-01
-5.306483122751743053e+00,-2.132162467908215397e+00
-2.200858765840663089e+00,2.214764397971160648e+00
-4.744384767293138516e+00,-7.948554467163573278e-01
-6.910825471085675353e+00,-3.176990870656482002e+00
-9.605167454991786480e-01,2.394942283014776407e+00
-4.150986978255359894e+00,9.056799641859010208e-01
-1.436604844106241341e+00,3.734580839756931780e+00
-1.304002947348616326e+00,2.208404132098341854e+00
-1.128531509326961002e+00,2.087618423737407802e+00
-6.657237293075313644e+00,-2.023118134065326146e+00
-3.412305005370665167e+00,4.314524809316830911e-01
-5.471965565383271723e+00,-1.644944186589339274e+00
-6.622824393393925924e+00,-2.504973449373480321e+00
-4.220926142970045980e+00,-4.539660286018136759e-01
-6.509654962837958969e+00,-3.009738343760925972e+00
-7.128396109100592071e+00,-3.831551854159964243e+00
-7.033614360990609882e+00,-3.161643583084718045e+00
-4.205603602122162776e+00,1.019409517966263223e-01
-5.390269826993588254e+00,-1.509109097878231331e+00
-2.961302965762306449e+00,1.407273407888887995e+00
-4.981601369758294595e+00,-1.327178325750525190e+00
-4.573035799798851109e+00,-5.842115921682777824e-01
-1.561090887275286276e-01,3.614502568956253548e+00
-5.012264771684018072e+00,-2.097740284526905974e+00
-8.015823343616096608e+00,-3.986306861190906936e+00
-1.337811480032276901e+00,2.398531771397132140e+00
-1.289716444109532567e+00,2.020392067661449964e+00
-1.759048372420495721e+00,2.914573576357599727e+00
-1.001397274658241132e+00,2.970553790322440157e+00
-2.388372212974303910e+00,9.764754231667200912e-01
-6.568317703886510373e+00,-3.000851780531605506e+00
-1.113724654882689347e+00,1.922296351406858506e+00
-5.463995514124518671e+00,-1.822547842798495132e+00
-5.641682483640030554e+00,-1.963428316896668413e+00
-6.001074153169858150e+00,-2.750142248672481138e+00
-1.070142887093991080e-01,3.158132739415917101e+00
-3.197225041254527778e+00,5.833226317110842274e-01
-2.246275246239966439e+00,1.061260301105571457e+00
-1.111498919166143073e+00,2.895982824837456171e+00
-4.792277486592589675e+00,4.776738246330669568e-02
-5.089491275150709093e+00,-1.863037570908304907e+00
-3.251710403050572129e+00,1.683913863437709324e-01
-1.688437660669554585e+00,2.680125860808132643e+00
-9.902038221159441544e-01,3.255875426840763254e+00
-1.514273943487458585e+00,2.235909231583005585e+00
-3.983714246391990343e+00,-2.671511610386954061e-01
-1.150219879273258528e+00,3.043251854065465167e+00
-3.248326566499406098e+00,9.150385585863682891e-01
-1.151002843344299809e+00,2.929166827334006129e+00
-8.011315054754286180e+00,-3.864030874555652417e+00
-4.977322203885339746e+00,1.340876757353282045e-02
-4.466675680691782446e+00,-2.925003187175088115e-01
-2.697363989976904630e+00,2.657370523946078755e+00
-6.125781387637574404e+00,-1.770059553833148946e+00
-6.917746334758918536e+00,-3.514365426425588801e+00
-2.544033907843294529e+00,1.202615462915954225e+00
-5.265144323394503445e+00,-1.655519185756095801e+00
-3.859778398049804604e+00,9.139739467154583963e-02
-7.574790634732426753e+00,-3.309243391176406313e+00
-6.934700246391866330e+00,-3.601735710513321642e+00
-4.957899527366930847e+00,-1.121457974012741055e+00
-2.291476157328065089e+00,8.516633693190538423e-01
-4.761448406789539511e+00,-1.433543917890223618e+00
-1.718312462234080407e+00,2.313265271659285638e+00
-2.215960036665425292e+00,1.564094165359679600e+00
-2.539277674439734955e+00,1.258989662345972427e+00
-8.970967319283214003e-01,3.138081881263860673e+00
-4.625397759218638605e+00,-2.543300148464497923e-01
-8.871797440317380490e-02,3.951907784295268122e+00
-3.029436058180105196e+00,1.262267354128728591e+00
-2.126430729143887088e+00,1.562812165297635225e+00
-4.688854086548526645e+00,-1.563630336507066509e+00
-3.827974180717963915e+00,4.685897698008041345e-01
-6.602631588317662725e+00,-1.971065477203336691e+00
-7.797500928208559223e+00,-3.653519420883603708e+00
-4.667718936213091752e+00,-2.080875423285384329e-01
-3.281299664042480302e+00,2.708473967862961018e-01
-6.343643462341335137e-01,3.089312023110337257e+00
-8.241048994489014845e+00,-3.709330148288668916e+00
-6.103774166774728727e+00,-1.730091514107774842e+00
-3.099314589592478963e+00,8.694860609421430908e-01
-6.363178312751720966e+00,-1.833317719240628918e+00
-2.303699603384353534e+00,1.073297859751544792e+00
-6.776709475559904661e+00,-3.184829971792185077e+00
-1.436407964791459158e+00,3.310178243789851926e+00
-7.705923089162102890e+00,-3.265274605753242021e+00
-1.583572040661021418e+00,1.559712904565103919e+00
-4.015095058511582771e+00,6.292300664366941021e-01
-3.809303203686830841e+00,-2.107592199244612274e-01
-7.937018972966029651e+00,-3.783915739681553703e+00
-5.954807863926679268e+00,-2.023533221729783449e+00
-6.115539492693604195e+00,-2.522763574165499456e+00
-4.414460563976881247e+00,-7.351265764514813839e-01
-6.864946290298754583e+00,-2.256820196400855849e+00
-5.359363085056343401e+00,-1.675683180487142820e+00
-2.746094170064794948e+00,1.158258141719785250e+00
-5.348554013392139872e+00,-1.756396975158648566e+00
-6.050924475892073495e+00,-2.455574348464057088e+00
-3.460104697005535357e+00,6.001275048571201864e-01
-6.915661383736400047e+00,-2.678743310388589371e+00
-1.420294355593795022e+00,3.071269497524992786e+00
-1.495282040055930572e+00,2.729382988761313911e+00
-4.651908967544683193e+00,-1.296475339169535168e+00
-3.168212424016753292e+00,1.256436334937061083e+00
-6.181292354307405645e+00,-2.992672306033744789e+00
-7.201697362182939877e+00,-3.681300555545728770e+00
-8.298161608333829431e-01,3.044202882301347834e+00
-3.911875639074302580e-02,3.488379464310695788e+00
-1.504776491281023532e+00,3.569430763991488398e+00
-5.451568227164425906e+00,-4.521104182413457906e-01
-5.370952461368390551e+00,-1.504101503768140446e+00
1.732019529355074416e-01,3.361123175895591508e+00
-6.101284382292672781e+00,-2.295220142812465447e+00
-3.604910874905378204e+00,7.478789094370688062e-01
-1.333906129296489551e+00,3.086253012401863671e+00
-4.621456224463725171e+00,-9.101193442477519824e-01
-1.582040988147491722e+00,2.708546353316653388e+00
-2.796621838311290076e-01,3.448054954352296697e+00
-1.515749721193308641e+00,2.383863504921100329e+00
-3.439973146980246366e+00,4.532946979064051973e-01
-4.841941603233287594e+00,-8.466364221919615574e-01
-7.587246792753559177e+00,-3.873208900129466059e+00
-1.289258928958020967e+00,3.340525065584048825e+00
-2.914723685229936745e+00,5.847058496570465280e-01
-6.920841800327933946e+00,-3.323666322157670550e+00
-3.730098333779320541e+00,7.660736319547822859e-01
-6.415184813603562297e+00,-2.785995713192453316e+00
-3.048594300299959925e-01,3.620151433567248667e+00
-5.228498633163860099e+00,-1.422128478331621260e+00
-2.205308624046276478e+00,7.304290748414548062e-01
-7.562844582627917811e-01,3.531081412468049407e+00
-6.153066607515044195e-01,2.801611820983513468e+00
-7.737398837476144209e+00,-3.600161050670862117e+00
-6.978664837536276977e+00,-2.067428035771279760e+00
-4.667672741715403362e+00,-9.163236342656100319e-01
-4.055801228878699871e-01,3.812946387076501686e+00
-1.053586629138022701e+00,2.653413183450680002e+00
-7.356229205827578888e+00,-2.964385434698171728e+00
-4.404204200764652910e+00,1.706212970896316961e-01
-2.616619867960155332e+00,1.396585694111215581e+00
-2.550871254549695433e+00,1.285122965507543569e+00
-2.205821621469499672e+00,1.555983502047341815e+00
-5.994186952898480136e+00,-1.607455101371257022e+00
-6.409451361343936782e+00,-2.965557096033187179e+00
-4.047184506563495709e+00,-2.634797689267021070e-01
3.375864198946983419e-01,3.913297716233778978e+00
-5.962413811939855535e+00,-2.232689577117143997e+00
-4.839335555673581091e+00,-1.505276270729307697e+00
-5.519433659680333726e+00,-6.083971039130471326e-01
-7.378227474432455857e+00,-3.150249137799374211e+00
-6.298877091728552813e+00,-2.493576602079661697e+00
-7.072048153325168229e+00,-2.815301646266125779e+00
-1.869089432825593144e+00,1.364172124683427079e+00
-6.171218210547390726e+00,-2.562561518665914306e+00
-6.505069625278446566e+00,-2.368787159342740090e+00
-4.796751294881000938e+00,-5.764642332548453041e-01
-5.790807088639696509e+00,-2.100192404117505518e+00
-9.582234165343959109e-01,3.431410934836037541e+00
-2.174354718179412949e+00,9.390215620791311224e-01
-3.719020796745450053e+00,1.503536158157920966e-01
-1.608146758597016390e+00,2.811630636530506600e+00
-7.176237399499855840e+00,-2.960141716564358205e+00
-5.222420210936260965e+00,-5.981806880244988633e-01
-6.884983759021046978e+00,-2.623295244288365247e+00
-2.819945129096304903e+00,1.586607611662096851e+00
-4.264746956150744506e-01,2.527600590197393693e+00
-3.973338233359411387e+00,-1.884420682230079080e-01
-1.453713625237540441e+00,2.895101203541608825e+00
-7.799826336158461437e+00,-3.271571096483300245e+00
-2.014941520926262442e+00,2.656431125538462723e+00
-2.911391562982767578e+00,3.177551329272221281e-01
-4.511499054365237349e+00,-5.365469051566247316e-01
1.293180428723498254e-01,3.282792178569883035e+00
-7.805712392687388146e+00,-2.842141476517499044e+00
-4.385216545569204705e+00,-3.250430161161013132e-01
-6.493429464866083300e+00,-2.247468579119852983e+00
-1.889973599005233540e+00,1.401781591123500093e+00
-2.642503972550393154e+00,1.602032412259974947e+00
-5.817314475857735090e+00,-1.792518949590580668e+00
-5.348661393004715769e+00,-1.713366668726109765e+00
-5.661829899511271691e+00,-1.641878328740093096e+00
-7.501583363753995926e+00,-3.768180943906337177e+00
-3.018382290414420410e+00,1.010762078128559338e+00
-2.459317913934641275e+00,1.434156674961125866e+00
-1.330266897787794722e+00,3.240622977754610723e+00
-8.547157339284283672e-01,2.227402547643129616e+00
-5.660073265899387529e+00,-1.373237713095413426e+00
-5.361382355269180167e+00,-7.857256130802765526e-01
-6.215067397466219390e+00,-2.764210275164274755e+00
-1.945162458023461660e+00,2.383146829202156702e+00
-3.884316580129755447e+00,-2.371758918549691231e-01
-4.762438647271688197e+00,-1.256238678317511237e+00
-3.335437096891842756e+00,3.483853576722628631e-01
-5.014589221801520225e+00,1.254294133910622833e-01
-6.968611464859731264e+00,-3.320184507596523282e+00
-5.256663104097242467e+00,-1.345053768958353935e+00
-1.925331287630138943e+00,9.227843468081351475e-01
-9.686790198088549575e-01,3.456163770033976235e+00
-2.399247860701069435e+00,2.119780792242159428e+00
-4.551684764127260863e+00,-7.147496365605352509e-01
-1.202662249843966746e+00,2.264454892586726054e+00
-6.141561774851028943e+00,-2.380409716186514757e+00
-7.486408150043194487e-01,3.083088919390376326e+00
-1.929013749627854546e+00,1.887611971109878439e+00
-3.322384827714662592e+00,6.831578768952333292e-01
-9.363735115669923337e-01,3.740231823592349514e+00
-8.082907964783458965e+00,-3.695902266145998816e+00
-5.518495813560501340e+00,-6.806384354665171443e-01
-2.123064486697229469e+00,1.569120861144772228e+00
-2.372208403910209373e+00,1.715507926343850187e+00
-3.221291214543159143e+00,6.837763521629094399e-01
-6.895645500285350060e+00,-3.117200914842211290e+00
-8.466489137868373760e+00,-3.747081207623371490e+00
-5.370978702788710146e-01,3.312923351713008557e+00
-2.563344253345500867e+00,1.121077113518984092e+00
-6.785656335363567493e+00,-2.773130228353696047e+00
-8.140184779628724110e-01,3.112612082395602719e+00
-5.652060686818316526e+00,-1.047841787081333464e+00
-6.541670158620870090e+00,-3.433157526021417105e+00
-6.593884697446437571e+00,-2.954686005840833296e+00
-8.716805272896563039e+00,-3.986192448157713564e+00
-1.938553945821069879e+00,2.412068288595428989e+00
-7.107842116926385678e+00,-3.065354849017725591e+00
-4.041590955275743191e+00,7.850197162125862604e-01
-3.713563833218134214e+00,1.035788956614780432e-01
-7.025432792533971238e+00,-3.165951395470986363e+00
-2.515313578670811179e+00,1.658936227945854824e+00
-5.034678186557169255e+00,-8.110750329412619308e-01
-6.581685528309522581e+00,-3.726496296289917076e+00
-8.113555252719585553e+00,-3.545916502733946984e+00
-8.007777225008343436e+00,-3.497899672601079146e+00
-1.422258952231528983e+00,1.914769610012703183e+00
-1.185531039248703067e+00,3.004301714610331686e+00
-5.127076556696451348e+00,-7.680729280328479902e-01
3.023040708786314257e-01,3.423084551698171829e+00
-2.577539600969963374e+00,5.156641837454625232e-01
-6.973852743115012132e+00,-1.879463327699466113e+00
-5.960117575832162728e+00,-2.579826212150825526e+00
-7.555267289257623364e-01,3.182677596915489460e+00
-6.089487519853308051e+00,-2.421696234676003812e+00
-5.557060124756490360e+00,-2.304816807435038584e+00
-6.820929667735471824e+00,-2.575244195189285712e+00
-3.463231117948131654e+00,2.104799898578516348e+00
-4.919217233029447023e+00,-1.520859912378497825e+00
-5.886072484720200393e+00,-1.508226660538940500e+00
-2.121299921244661491e+00,6.690070091888449255e-01
-8.350761268803966075e+00,-3.999650046990424812e+00
-5.938108686496321731e+00,-1.371583802452402523e+00
-6.774540387318839230e+00,-2.003560058562798396e+00
-2.933207006174352038e+00,8.327608105545811767e-01
-3.265543539973655207e+00,8.714627498627081081e-01
-5.955096925479849368e+00,-1.976084656885999102e+00
-3.034751315418572126e+00,1.247450212548026016e+00
-8.578021304232793520e-01,3.732117299820898459e+00
-1.068813533500074797e+00,3.038562784191222832e+00
-5.422157914434029280e+00,-1.990378478558223918e+00
-2.214153229758258234e+00,1.285227288032324111e+00
-8.351219908984096607e-01,3.334275411988519622e+00
-5.135499121543889878e+00,-5.446044423989047090e-01
-6.701042582510559953e+00,-2.692131665041346267e+00
-7.559437331596549292e+00,-3.504673650521842987e+00
-1.556777326201333800e+00,2.390112279705848941e+00
-6.899141842705414973e+00,-3.172438015319496429e+00
-6.812210462267411337e+00,-3.067555522260955847e+00
-9.497853343808346782e-01,2.629284246399868685e+00
-7.836456428639496652e-01,3.255855349352106742e+00
-9.714619306482091821e-01,2.800781040746917583e+00
-7.053398890633532758e+00,-3.954729458262207231e+00
-2.684355275433239818e+00,6.439556696136001790e-01
-5.708561002783743454e+00,-1.797857401887076989e+00
-5.460414195324701403e+00,-1.374167465863411763e+00
-5.015935556307088206e+00,-8.843948865934612158e-01
-8.050144419286194619e+00,-3.726749616003369958e+00
-6.744384638294302015e+00,-3.917764010959000842e+00
4.676749593580736830e-02,3.768119024028426800e+00
-4.764103894171026754e-01,3.756432877440311735e+00
-3.319969212535649472e+00,6.027418208139110334e-01
-4.213508497499127259e+00,-2.428307414527024477e-01
-7.574912804378449493e+00,-3.846655445230729775e+00
-3.896212922769609399e+00,1.156060463973940244e-01
-2.474195289654617547e+00,1.198093970157084520e+00
-1.592537972103674981e+00,2.390576167051703393e+00
-7.630980346451442742e+00,-3.534777321665093730e+00
-2.866818789635432907e+00,3.172258768938505114e-01
-6.594615566283157371e+00,-1.584528551611246172e+00
-2.774880700386145094e+00,8.814965789172992672e-01
-6.444076550941200132e+00,-2.390103820017691838e+00
-1.733824139413399634e-01,3.902735726687862616e+00
-6.722021430239870199e+00,-2.083660788015518683e+00
-1.267078110506378419e+00,2.049020467773350340e+00
-2.736218454711405457e+00,1.026038287994880172e+00
-7.499843091355360869e+00,-2.730273281345799496e+00
-7.146284596316731630e+00,-3.507861202378132148e+00
-1.701341609774113195e+00,1.714782262290782455e+00
-5.106424618144901117e+00,-2.381751720701155151e+00
-6.117495650267835927e+00,-2.605974576884512395e+00
-6.229723544781965217e+00,-1.471418085782110197e+00
-6.543104233448794105e+00,-2.821807686817053629e+00
-6.231408613284763476e+00,-1.957328455727569860e+00
-4.456789440773274436e-01,3.904152535268987201e+00
-4.643476886721463970e+00,-2.060315433959231335e+00
-1.293892564227971054e+00,2.180120603150792924e+00
-5.951572085711098303e+00,-2.490225588355508002e+00
-1.767132614708336824e+00,1.569765810533534811e+00
-8.414536905082350415e-01,3.661023990215798385e+00
-5.411931274931607305e+00,-1.725705117812524669e+00
-3.527967432567622907e+00,1.071136549812495176e+00
-1.599852884810536446e+00,2.513548697300195478e+00
-1.757980168772153018e+00,1.790453856339660810e+00
-1.491998766240300700e+00,2.569357674201865116e+00
-1.515853680403587589e+00,2.471953414314284281e+00
-1.237401469179539859e+00,2.355457492937594211e+00
-5.036859433465647129e+00,-1.089813740204088610e+00
-2.115246548012541083e+00,2.069605833320548705e+00
-1.391721709938561258e+00,2.593289100927161250e+00
-3.406029197563472888e+00,1.176750778418731436e+00
-2.445812735013281891e+00,4.437995679293971207e-01
-2.912999324804518508e+00,1.654588631983028080e+00
-4.136640430353893727e+00,-3.953603213826264451e-01
-9.989969493598507277e-01,2.829296226404482972e+00
-7.773491648367705231e-01,3.734102538014231421e+00
-6.389352126858041103e+00,-2.290262671402149230e+00
-3.728367629732030952e+00,3.594086233752324944e-01
-4.116720745064359477e+00,-4.729991099804413679e-01
-5.809036237533894642e+00,-1.837051778085379894e+00
-1.420622479576683084e+00,2.681773314302740907e+00
-6.841495733962264403e+00,-2.860122732339992702e+00
-3.357940490545861856e+00,8.193481799919331010e-01
-3.285216205568762149e+00,1.152680884031451747e+00
-5.868044194145529246e+00,-1.183884740089100163e+00
2.836779888268018412e-01,3.454165431490340055e+00
-5.743410703346429003e+00,-1.721680287718036162e+00
-2.264749206733167597e+00,1.972599776721867038e+00
-8.253706158676166638e+00,-3.952647492271810670e+00
-4.648875746537721731e+00,-1.213182074039593772e+00
-1.577763071466895095e+00,1.628792752503376740e+00
-5.597950038925962879e+00,-1.488912559294019111e+00
-2.504866384687014502e+00,1.422602952414549371e+00
-4.721005345761914995e+00,-1.088832926947989499e+00
-6.952362454929571278e+00,-3.016498095784143629e+00
-2.449708695460537378e+00,9.861449060825773216e-01
-4.258323474478125092e+00,-1.184498140555605872e+00
-7.656439506955746488e+00,-3.011533999668798423e+00
-3.935340053203223221e+00,-5.323880368046198797e-01
-4.436044143958926433e+00,-3.727270581459114496e-01
-2.636620654317737511e+00,1.315835402323253689e+00
-2.233849252581543432e+00,1.556365676275182963e+00
-9.653467805614895925e-01,3.027388915789099855e+00
-5.805684143969114253e+00,-2.950204489902040095e+00
-7.808461985170011666e+00,-3.246940857104976708e+00
-4.951766780010138369e+00,-1.671131644935345051e+00
-8.035210558869154696e+00,-3.664517956468072768e+00
-3.414601789508272756e+00,1.404910484520005554e-01
-3.720548355202727198e+00,-5.133475260373288052e-02
-2.806601633190068057e+00,1.782631342120136964e+00
-9.684215241366403992e-01,2.598083026937235473e+00
-8.733536543955436215e+00,-3.981718113645365875e+00
-1.575481015878585689e+00,2.219464775692516767e+00
-2.679200170431919048e+00,7.321699162919239612e-01
-2.087356916308205523e+00,1.918049856536282682e+00
-3.297902787621073362e+00,4.010453409073697628e-01
-4.307696382297147020e-01,3.193377834263630533e+00
-5.306977043991888188e+00,-3.699970218592580906e-01
-5.448699201770855538e+00,-1.198900422236254926e+00
-6.199383426476507530e+00,-2.667612118896258266e+00
-8.269164844415357152e+00,-3.486477315314965075e+00
-6.922445638962454240e+00,-2.711579082237510541e+00
-2.783631947242753313e+00,1.390884156649749848e+00
-1.880419812608232766e-01,3.910562515197195665e+00
-5.404055519727914536e+00,-2.264128964310489600e+00
-4.431284544908161926e+00,-6.884408702230917498e-01
-6.430534736639644144e+00,-1.823282159264312696e+00
-5.362197435071791141e+00,-1.181742786409772705e+00
-4.514437519579780900e-01,3.669382094757188462e+00
-3.559246092282188023e+00,-2.370338439630614857e-01
-2.123502418953401083e+00,1.025900842121956202e+00
-5.776537971597776711e+00,-1.405325698321001404e+00
-6.377107922002986484e+00,-2.848298714001232135e+00
-1.322699378048678209e+00,2.960443103978273705e+00
-3.665507039119763721e+00,5.047821033002577451e-01
-8.390133243345206937e-01,3.242109193149353530e+00
-4.384077642614897741e+00,-3.539858912210505082e-01
-4.933673260036291808e+00,-9.375319568158220207e-01
-3.762702269167649494e+00,-2.560634285730953863e-01
-7.268774351853204863e+00,-3.787899370814948874e+00
-5.785822575997087824e+00,-1.367796289886845429e+00
-2.749787496479747073e+00,1.257156219022551369e+00
-9.297428743076840973e-02,3.114067026514959480e+00
-5.673530409552379972e+00,-1.942280521101862334e+00
3.371656154290242347e-01,3.738264939002017506e+00
-6.651327986654411717e+00,-2.235198019962261640e+00
-8.596266217829707790e-01,2.780287619282377776e+00
-4.767982436013515013e+00,-1.394492923494977887e+00
-8.096703927944066681e-01,2.577164379972392894e+00
-3.837968942616903245e+00,3.663045573503618257e-01
-8.025961329272940148e+00,-3.817906771701690793e+00
-6.431344128471588206e+00,-2.805682149123390090e+00
-5.436278763069732456e+00,-1.127328093599701653e+00
-1.314712782982392358e+00,3.227414871397471074e+00
-4.825370217930505135e+00,-1.893450585989375767e+00
-2.695968893138501521e+00,1.031314990625073591e+00
-2.899540485409087598e+00,1.205846117271737405e+00
-1.998030056181365754e+00,1.420539011354170711e+00
-3.879053561010578299e+00,-6.599966483891117619e-01
-6.250394615379461172e+00,-2.053896310936918823e+00
-5.533638924002286963e+00,-1.767806980235658187e+00
1.857869732820870978e-01,3.830923540308043940e+00
-1.307546872654504089e+00,2.575219695290629218e+00
-7.810837036965168068e+00,-3.776925913460471129e+00
-7.317515729627021237e+00,-3.203625852668630536e+00
-7.968843064632538997e+00,-3.946964756811111030e+00
-5.908010801280619617e+00,-2.092057707999333438e+00
-1.938349270875953767e+00,1.944446916872080600e+00
-6.598188009214180916e-01,2.880420553297653896e+00
-6.133562435761231946e+00,-3.030746614137826533e+00
-2.668185155119109364e+00,1.777858715870654471e+00
-3.041007528565208951e+00,5.054998060580047081e-01
